,X,W,model_output,,
1,100,400,-62.6051,,
2,200,400,31.03422,,
3,300,400,124.67354,,
4,100,600,41.22502,,
5,200,600,134.86434,,
6,300,600,228.50366,,
7,100,800,145.05515,,
8,200,800,238.69447,,
9,300,800,332.33379,,
,,,,,
,slope,Age,to:Age,Sex,Coverage
1,3.351705,59.5,68.16025,F,20
,change,Sex,to:Sex,Age,Coverage
1,10.23278,F,M,59.5,20
,slope,Coverage,to:Coverage,Age,Sex
1,1.815365,20,37.23783,59.5,F
,,,,,
,,,,,
,,,55,,
,,,65,,
